Year,Predicted_Rainfall
2018,121.3727
2019,121.56411
2020,121.753105
2021,121.939674
2022,122.12389
2023,122.30574
2024,122.48526
2025,122.662506
2026,122.83747
2027,123.0102
